Datum von;Datum bis;Biomasse [MWh] Berechnete Auflösungen;Wasserkraft [MWh] Berechnete Auflösungen;Wind Offshore [MWh] Berechnete Auflösungen;Wind Onshore [MWh] Berechnete Auflösungen;Photovoltaik [MWh] Berechnete Auflösungen;Sonstige Erneuerbare [MWh] Berechnete Auflösungen;Kernenergie [MWh] Berechnete Auflösungen;Braunkohle [MWh] Berechnete Auflösungen;Steinkohle [MWh] Berechnete Auflösungen;Erdgas [MWh] Berechnete Auflösungen;Pumpspeicher [MWh] Berechnete Auflösungen;Sonstige Konventionelle [MWh] Berechnete Auflösungen
14.12.2020;21.12.2020;778.769,25;228.452,00;840.723,00;2.282.851,75;208.337,50;36.148,00;1.319.474,75;2.115.493,25;969.267,25;1.602.918,75;196.815,50;267.121,75
21.12.2020;28.12.2020;769.236,00;225.564,50;659.089,25;3.178.818,00;142.913,50;33.542,00;1.295.255,75;1.097.438,75;400.630,25;1.049.778,75;196.195,00;251.109,50
28.12.2020;04.01.2021;772.607,00;212.520,50;337.175,00;1.674.185,00;156.765,25;37.336,00;1.330.677,00;1.699.151,00;597.597,00;1.354.440,50;167.296,75;271.930,25
04.01.2021;11.01.2021;771.324,00;219.139,50;483.398,50;1.066.496,00;78.002,50;35.675,25;1.340.445,00;2.409.738,25;1.519.282,50;1.961.371,00;205.910,75;276.376,00
11.01.2021;18.01.2021;763.837,50;216.574,25;588.842,25;2.420.537,75;117.714,75;34.127,00;1.331.288,50;2.331.575,25;1.261.929,50;1.754.224,50;182.043,75;266.634,25
18.01.2021;25.01.2021;763.148,75;219.388,00;668.329,50;3.539.355,00;183.078,00;33.871,50;1.312.397,00;2.149.492,00;901.903,75;1.346.484,25;161.914,00;268.815,25
25.01.2021;01.02.2021;761.714,75;253.388,25;389.893,00;1.698.739,00;178.351,50;35.161,75;1.367.837,75;2.547.754,75;1.178.504,75;1.667.573,25;189.137,00;261.211,75
01.02.2021;08.02.2021;755.050,75;258.303,25;743.076,75;2.592.105,50;194.003,00;33.398,50;1.307.138,75;1.945.897,50;938.661,50;1.551.843,00;187.069,00;253.065,50
08.02.2021;15.02.2021;746.190,50;292.789,00;595.389,00;1.438.517,50;252.486,50;32.668,00;1.363.447,25;2.335.048,25;1.341.189,75;2.075.371,00;184.687,25;271.292,00
15.02.2021;22.02.2021;732.874,75;267.115,50;820.088,25;2.701.534,00;626.092,25;33.460,75;1.328.458,25;1.734.840,75;621.951,75;1.436.430,50;157.850,50;245.965,00
22.02.2021;01.03.2021;737.956,25;249.577,00;584.620,50;1.719.158,00;893.524,75;30.800,75;1.344.490,50;1.671.032,25;448.520,25;1.294.906,50;150.969,75;249.488,75
01.03.2021;08.03.2021;764.874,50;250.858,25;311.715,00;1.085.087,00;924.047,50;34.127,00;1.356.657,00;2.300.370,00;798.967,25;1.741.138,75;171.744,75;264.395,75
08.03.2021;15.03.2021;752.600,75;244.743,50;672.553,00;3.564.193,50;710.067,75;32.594,00;1.293.980,50;1.435.651,00;730.869,75;1.251.882,75;175.778,75;256.615,75
15.03.2021;22.03.2021;759.664,50;258.662,50;485.998,25;1.995.768,25;705.514,25;35.847,25;1.280.683,50;1.741.728,75;884.730,25;1.560.821,50;161.339,00;265.533,50
22.03.2021;29.03.2021;724.061,75;233.354,25;652.479,00;1.807.328,25;1.061.013,00;31.424,50;1.092.661,00;1.734.706,50;818.022,00;1.506.191,75;173.502,25;271.295,25
29.03.2021;05.04.2021;752.668,75;264.988,25;603.027,75;1.617.702,50;1.396.660,75;27.014,50;1.112.467,50;1.188.913,50;447.921,50;1.041.120,75;197.651,50;257.991,25
05.04.2021;12.04.2021;756.660,00;245.366,25;627.341,00;3.200.745,25;934.163,75;25.227,75;1.091.642,75;1.334.667,00;616.267,00;1.111.335,25;178.685,00;251.113,50
12.04.2021;19.04.2021;751.412,50;241.227,50;295.081,75;1.188.593,75;1.068.277,00;27.222,50;1.191.851,00;2.111.967,25;1.154.892,50;1.770.821,75;124.642,75;254.236,75
19.04.2021;26.04.2021;741.563,50;214.365,50;320.578,00;1.330.424,50;1.596.130,25;26.268,00;1.305.468,25;1.657.476,50;851.364,00;1.261.234,00;130.247,75;247.910,50
26.04.2021;03.05.2021;747.562,25;258.614,00;242.691,25;1.279.654,25;1.368.406,50;27.660,75;1.241.714,75;1.834.080,00;795.119,00;1.187.576,00;137.400,25;254.911,25
03.05.2021;10.05.2021;746.792,25;304.093,25;428.681,50;3.121.317,50;1.365.170,25;26.478,75;1.072.462,25;1.121.675,00;617.489,75;894.186,00;130.770,25;257.942,00
10.05.2021;17.05.2021;760.235,50;370.075,75;137.157,00;1.179.228,75;1.134.348,00;24.957,00;1.107.938,50;1.341.661,75;551.900,50;810.973,50;126.927,50;264.234,50
17.05.2021;24.05.2021;756.362,00;357.862,25;338.069,00;2.093.409,50;1.356.636,00;24.726,75;1.279.636,25;1.139.973,25;517.806,00;745.935,50;141.436,00;254.316,75
24.05.2021;31.05.2021;766.942,50;378.142,00;296.430,25;2.007.166,50;1.424.251,00;21.890,25;1.308.232,75;1.450.136,00;505.824,50;760.517,75;124.660,75;224.523,50
31.05.2021;07.06.2021;712.130,00;388.161,00;232.324,50;830.032,50;1.681.561,25;20.849,00;1.292.959,00;1.679.765,25;423.723,00;833.188,75;148.221,00;244.670,00
07.06.2021;14.06.2021;708.179,50;423.934,75;195.778,25;839.998,75;1.704.433,75;20.097,25;1.197.291,50;1.723.474,75;684.328,25;1.159.567,25;153.528,75;244.860,25
14.06.2021;21.06.2021;673.978,75;417.682,25;286.934,50;889.468,00;1.966.982,75;18.592,25;1.072.651,25;1.890.184,75;798.979,25;1.084.303,75;165.822,75;251.230,75
21.06.2021;28.06.2021;672.710,75;417.986,00;172.102,75;553.084,75;1.481.592,00;19.229,25;1.104.558,50;2.096.764,75;869.428,00;1.186.056,25;136.220,00;236.300,75
28.06.2021;05.07.2021;687.064,75;413.310,00;233.586,50;772.723,00;1.342.427,00;20.868,00;1.099.330,50;2.057.082,25;905.595,00;1.167.495,75;124.145,25;235.941,00
05.07.2021;12.07.2021;700.498,75;392.293,50;232.530,00;949.693,00;1.231.135,75;20.502,00;1.168.525,75;1.906.484,25;967.406,75;955.430,25;132.445,25;220.735,00
12.07.2021;19.07.2021;691.410,25;382.665,25;376.496,00;978.374,75;1.346.152,25;19.304,00;1.307.528,00;1.546.782,75;873.777,50;926.907,50;131.813,25;231.151,25
19.07.2021;26.07.2021;695.015,75;380.815,00;207.649,50;593.320,75;1.572.901,50;19.381,00;1.321.178,75;1.560.221,25;831.236,00;904.292,25;122.488,50;249.444,50
26.07.2021;02.08.2021;685.866,25;394.072,25;435.950,50;1.859.485,50;1.437.335,75;19.945,50;1.273.535,25;1.435.764,50;496.028,50;605.606,75;124.287,75;248.684,50
02.08.2021;09.08.2021;692.738,75;395.715,00;306.141,00;1.158.677,00;1.241.962,75;21.442,50;1.306.083,25;1.600.789,50;569.349,50;594.662,25;141.909,75;246.618,25
09.08.2021;16.08.2021;703.292,75;414.059,00;378.445,75;944.475,25;1.607.043,25;21.334,25;1.306.617,25;1.749.238,75;476.039,00;588.373,50;145.209,00;243.766,25
16.08.2021;23.08.2021;700.229,75;385.629,75;469.794,75;2.004.973,50;1.005.413,50;21.109,50;1.293.505,75;1.716.203,50;616.355,25;588.446,75;131.704,25;244.411,50
23.08.2021;30.08.2021;705.950,00;377.717,50;595.021,50;1.500.618,50;985.403,25;21.194,25;1.320.853,75;1.789.583,25;793.825,00;619.270,00;136.594,50;244.377,50
30.08.2021;06.09.2021;705.028,25;362.422,00;201.014,00;825.298,00;1.355.241,00;22.187,75;1.322.019,25;1.822.537,50;1.307.683,25;780.548,00;144.339,50;229.525,75
06.09.2021;13.09.2021;700.053,75;308.813,25;164.987,50;565.065,50;1.323.631,50;20.407,25;1.324.967,00;1.986.596,25;1.645.703,75;1.004.745,00;156.260,00;217.158,25
13.09.2021;20.09.2021;709.111,25;291.239,50;346.793,50;887.581,25;892.024,50;20.198,25;1.327.617,25;2.178.764,25;1.600.828,75;995.632,25;143.328,75;218.722,75
20.09.2021;27.09.2021;711.583,25;248.175,00;372.704,00;1.496.134,00;957.017,25;23.162,50;1.247.249,00;2.019.728,25;1.431.826,00;795.226,00;155.638,50;230.572,75
27.09.2021;04.10.2021;713.208,00;218.449,50;694.162,00;2.464.609,00;910.473,50;25.479,50;1.031.580,25;1.888.587,75;1.058.255,50;683.495,75;151.833,75;240.337,75
04.10.2021;11.10.2021;722.532,25;225.191,25;378.679,50;1.254.005,50;831.558,50;29.757,00;1.092.906,75;2.132.374,00;1.296.010,75;879.119,25;149.353,00;251.077,25
11.10.2021;18.10.2021;728.131,75;215.031,75;719.442,25;1.662.221,75;649.595,00;29.792,25;1.214.901,25;2.319.400,50;1.469.287,25;889.854,00;124.567,50;256.843,50
18.10.2021;25.10.2021;727.735,50;193.592,00;749.017,00;3.445.397,50;670.083,00;27.720,50;1.263.169,25;1.849.781,50;762.971,50;725.344,50;176.073,00;228.894,50
25.10.2021;01.11.2021;744.706,00;187.755,25;753.138,75;2.421.101,25;622.099,50;29.634,75;1.313.141,25;2.004.612,50;1.079.734,00;802.958,75;187.020,25;234.485,25
01.11.2021;08.11.2021;749.914,75;198.850,50;578.083,25;2.380.428,00;322.518,50;30.617,00;1.298.618,00;1.801.980,00;1.331.951,75;1.121.246,25;168.252,75;246.533,50
08.11.2021;15.11.2021;758.132,00;198.276,25;465.121,50;992.452,00;388.369,75;35.696,50;1.328.192,00;2.317.729,00;1.774.130,50;1.561.411,50;173.859,25;265.548,25
15.11.2021;22.11.2021;751.344,00;202.758,50;681.879,00;2.144.971,75;148.223,75;34.597,00;1.307.679,00;2.258.477,75;1.539.447,25;1.262.371,50;195.118,00;265.893,75
22.11.2021;29.11.2021;761.901,00;185.951,00;639.618,25;1.319.829,00;213.531,75;34.016,00;1.304.991,00;2.300.429,75;1.904.652,25;1.709.048,25;196.037,00;284.159,00
29.11.2021;06.12.2021;756.129,00;198.594,25;687.795,25;3.294.286,00;149.794,00;29.896,75;1.272.524,75;2.044.693,25;1.373.559,75;1.269.981,50;199.986,00;264.823,25
06.12.2021;13.12.2021;763.882,50;210.697,75;660.029,50;1.740.228,00;126.859,00;35.696,00;1.291.835,75;2.380.119,50;1.649.282,25;1.630.828,75;183.761,00;274.303,00
13.12.2021;20.12.2021;763.499,25;214.856,00;561.496,25;1.707.671,50;109.012,50;35.334,25;1.276.107,00;2.172.463,50;1.520.505,25;1.628.146,00;182.149,75;265.885,75
20.12.2021;27.12.2021;762.844,50;193.485,75;309.106,00;1.557.550,50;235.574,75;32.816,00;1.270.029,75;2.402.147,50;1.494.461,25;1.363.751,75;184.959,50;269.122,00
27.12.2021;03.01.2022;743.599,50;237.312,75;786.222,75;3.457.766,00;166.477,25;28.038,00;1.009.732,25;1.431.732,75;661.548,75;675.988,50;190.504,25;246.198,75
03.01.2022;10.01.2022;746.280,25;239.903,50;854.076,25;3.567.387,00;164.720,00;32.831,25;647.478,50;1.998.455,00;1.341.207,75;1.068.067,25;177.756,00;241.293,25
10.01.2022;17.01.2022;754.965,50;240.058,50;512.258,00;1.563.651,50;232.273,00;35.380,00;648.614,50;2.324.633,25;1.844.981,50;1.906.431,00;190.353,75;217.427,25
17.01.2022;24.01.2022;755.807,50;209.216,00;724.747,00;2.931.646,25;220.541,50;34.194,25;677.747,50;2.146.003,25;1.701.147,25;1.644.240,50;173.824,75;245.242,50
24.01.2022;31.01.2022;755.524,00;215.270,50;673.304,50;3.430.866,25;237.207,75;31.866,75;674.562,25;1.799.477,25;1.506.528,50;1.640.552,25;193.467,00;235.611,50
31.01.2022;07.02.2022;757.265,00;175.186,00;744.287,00;4.638.884,50;253.238,75;30.253,25;670.901,75;1.591.180,25;1.081.739,75;1.278.099,50;171.277,75;240.279,00
07.02.2022;14.02.2022;764.598,50;184.779,75;776.704,75;3.673.798,50;579.466,50;32.504,25;681.652,25;1.770.811,00;1.368.613,50;1.265.066,50;151.594,00;246.756,75
14.02.2022;21.02.2022;750.864,00;193.888,25;759.081,25;5.465.497,25;449.292,50;30.370,25;672.711,00;1.182.458,50;1.029.259,75;1.009.775,50;181.629,00;237.270,25
21.02.2022;28.02.2022;759.744,00;188.977,00;693.763,25;4.072.870,25;774.142,25;31.767,25;672.322,50;1.865.306,00;1.283.927,25;1.011.095,75;188.645,50;250.428,00
28.02.2022;07.03.2022;771.833,75;196.649,00;314.627,75;958.329,75;1.125.131,25;34.303,75;681.923,00;2.275.054,75;1.878.073,75;1.481.656,25;172.291,75;271.367,25
07.03.2022;14.03.2022;765.792,00;167.058,00;467.893,50;2.282.943,00;1.491.010,50;31.287,00;673.376,50;1.954.809,00;1.494.363,75;1.096.292,00;192.781,75;260.614,00
14.03.2022;21.03.2022;769.767,50;182.826,00;394.930,75;2.204.569,25;1.003.600,50;31.212,50;669.979,00;1.977.216,75;1.441.868,25;1.351.220,00;171.063,25;254.449,00
21.03.2022;28.03.2022;761.671,50;195.999,50;141.250,50;806.824,00;1.616.045,00;29.904,00;664.995,75;2.130.826,25;1.672.354,25;1.353.868,00;165.916,50;245.976,75
28.03.2022;04.04.2022;756.566,00;203.398,75;415.838,50;1.970.733,75;822.326,25;30.145,25;665.501,75;2.173.134,75;1.517.006,50;1.328.945,00;185.649,25;258.840,50
04.04.2022;11.04.2022;745.964,50;218.860,00;693.129,00;4.542.862,50;917.010,50;25.722,00;673.670,50;1.604.859,50;853.276,25;851.474,00;176.963,50;216.759,50
11.04.2022;18.04.2022;742.581,25;228.584,00;359.575,75;1.301.524,75;1.663.179,00;27.571,50;667.748,50;2.018.966,25;968.124,25;931.423,25;191.911,25;246.603,25
18.04.2022;25.04.2022;740.225,00;213.326,75;506.475,00;1.937.020,25;1.615.555,00;28.002,75;665.953,00;1.964.360,25;672.070,25;746.701,00;166.285,50;237.934,50
25.04.2022;02.05.2022;734.499,25;231.126,50;128.404,50;587.655,25;1.477.394,50;25.355,50;667.251,25;2.226.991,25;1.220.882,25;1.101.519,00;116.243,25;216.029,25
02.05.2022;09.05.2022;724.398,00;254.615,50;121.380,00;484.400,00;1.660.312,00;21.618,25;585.514,25;2.143.606,75;1.136.160,00;697.121,25;115.012,00;197.699,00
09.05.2022;16.05.2022;710.109,00;282.340,25;405.144,00;1.700.736,75;1.937.552,50;18.907,50;433.780,25;1.850.602,00;609.708,25;542.592,50;190.037,25;211.252,00
16.05.2022;23.05.2022;707.174,50;340.016,00;272.899,00;1.467.566,25;1.805.239,00;19.048,50;430.017,00;1.839.262,25;715.409,50;556.080,00;176.621,50;208.058,75
23.05.2022;30.05.2022;706.813,75;323.805,00;672.544,25;2.629.296,00;1.520.488,25;20.537,00;513.084,50;1.505.777,00;439.470,75;429.907,00;193.078,75;206.475,00
30.05.2022;06.06.2022;715.814,00;319.772,25;176.639,75;847.628,75;1.792.391,25;20.280,50;590.174,25;2.193.362,75;633.023,50;714.679,75;191.672,00;226.917,50
06.06.2022;13.06.2022;702.245,25;336.008,50;433.690,75;1.230.353,25;1.745.258,00;20.049,75;434.707,50;2.055.257,50;605.574,50;491.886,25;160.272,50;198.713,50
13.06.2022;20.06.2022;687.707,00;319.340,25;240.453,75;1.085.694,50;2.135.581,75;18.481,00;443.870,00;1.995.486,50;811.887,00;435.794,00;214.105,00;201.506,50
20.06.2022;27.06.2022;683.578,25;324.718,00;198.991,50;850.150,50;1.824.860,00;18.387,00;504.005,75;2.081.449,00;1.108.812,75;524.659,00;204.081,75;197.131,00
27.06.2022;04.07.2022;678.709,25;313.614,00;276.477,25;959.848,25;1.769.764,00;19.692,75;658.567,25;2.145.608,75;1.090.313,50;810.743,00;196.226,25;184.408,50
04.07.2022;11.07.2022;685.660,50;288.202,50;557.729,75;1.777.034,25;1.615.609,00;19.843,25;661.786,25;1.921.248,75;1.029.986,25;669.841,50;223.453,50;197.093,50
11.07.2022;18.07.2022;688.164,00;242.670,75;353.144,75;1.172.939,75;1.902.721,25;19.345,75;659.161,00;1.932.153,00;966.627,50;1.011.604,75;221.656,00;215.789,25
18.07.2022;25.07.2022;674.242,00;267.557,25;372.682,75;860.534,75;1.886.579,00;18.114,00;661.645,50;2.049.081,50;938.710,00;1.390.650,50;245.229,50;217.750,75
25.07.2022;01.08.2022;674.856,50;265.215,75;335.197,75;1.207.500,00;1.652.603,00;18.609,25;663.210,00;2.111.184,00;981.143,50;1.039.049,75;187.037,25;195.007,50
01.08.2022;08.08.2022;680.120,75;252.444,50;283.540,75;801.796,75;1.825.045,00;18.346,50;656.264,25;2.139.748,75;1.184.593,75;456.111,75;199.710,50;157.537,75
08.08.2022;15.08.2022;675.262,00;259.118,50;92.794,50;874.588,50;1.995.978,00;18.834,50;666.744,75;1.928.261,75;1.157.125,00;406.399,50;221.015,75;219.946,25
15.08.2022;22.08.2022;676.779,25;275.764,00;187.210,25;586.385,00;1.337.688,75;18.591,75;665.406,75;1.947.708,00;1.181.438,25;665.680,50;155.803,50;189.478,00
22.08.2022;29.08.2022;684.396,50;263.725,50;325.042,50;865.326,25;1.457.978,50;19.374,00;666.075,75;2.040.511,50;1.417.740,00;659.562,75;138.504,00;223.493,75
29.08.2022;05.09.2022;693.906,00;226.688,50;428.741,75;1.288.672,00;1.518.238,25;20.237,75;669.934,25;1.990.581,00;1.376.193,25;652.284,25;188.253,00;210.167,00
05.09.2022;12.09.2022;690.436,25;249.667,50;328.082,75;1.259.897,00;1.158.992,50;19.155,00;669.095,00;2.153.472,50;1.468.119,25;478.022,75;176.561,25;197.587,50
12.09.2022;19.09.2022;695.964,75;265.790,25;680.466,75;2.237.785,25;928.715,50;19.824,75;673.318,75;1.788.003,75;1.159.834,75;416.728,50;210.947,00;207.883,50
19.09.2022;26.09.2022;717.794,00;267.196,25;359.800,75;734.841,25;1.131.184,50;19.592,50;680.851,75;2.167.665,25;1.614.269,25;553.671,50;187.199,00;214.788,50
26.09.2022;03.10.2022;724.520,25;275.743,00;515.352,00;2.124.651,00;749.636,75;20.165,75;677.149,50;1.853.835,75;1.339.947,50;411.360,50;216.893,00;211.255,50
03.10.2022;10.10.2022;726.416,25;318.696,50;689.499,00;2.262.905,00;1.102.100,75;19.633,50;672.561,50;1.943.241,75;959.139,50;339.688,00;264.271,25;211.572,00
10.10.2022;17.10.2022;710.152,50;269.260,75;457.611,00;1.343.417,50;776.459,00;19.412,00;675.970,00;2.166.875,75;1.320.603,50;623.902,25;220.265,00;190.515,50
17.10.2022;24.10.2022;720.659,75;218.809,00;476.195,75;1.719.128,00;687.513,50;20.578,00;578.426,00;1.951.503,25;863.074,75;725.312,50;197.506,25;200.576,00
24.10.2022;31.10.2022;732.094,00;272.642,00;522.613,00;2.044.053,25;708.081,25;21.394,25;460.443,50;1.988.064,75;399.410,75;657.150,50;183.816,25;207.131,50
31.10.2022;07.11.2022;735.889,00;236.472,00;761.758,25;2.682.626,50;543.101,50;25.541,75;667.162,00;1.778.403,75;615.241,50;594.876,75;207.949,75;220.280,00
07.11.2022;14.11.2022;741.184,25;225.159,50;714.940,75;2.822.803,50;537.486,25;27.203,25;669.898,75;2.047.682,25;966.468,00;539.605,00;223.602,50;208.598,00
14.11.2022;21.11.2022;721.692,00;221.539,25;593.154,25;2.371.068,00;326.636,75;28.180,75;664.155,50;2.368.980,25;1.651.940,50;670.426,50;240.611,75;188.566,25
21.11.2022;28.11.2022;728.362,50;235.468,00;658.493,25;1.907.062,25;302.674,75;28.875,50;653.212,50;2.317.993,75;1.823.852,25;855.168,50;240.563,25;238.823,00
28.11.2022;05.12.2022;726.004,75;218.291,75;527.653,50;1.037.198,50;92.393,50;32.805,25;627.434,75;2.364.143,50;2.320.192,75;1.369.035,25;235.366,75;249.958,50
05.12.2022;12.12.2022;729.999,50;190.529,75;437.419,00;812.216,75;121.597,75;34.462,50;621.996,50;2.441.404,25;2.323.812,25;1.470.492,75;223.938,75;263.695,50
12.12.2022;19.12.2022;761.345,50;211.611,50;520.523,50;1.017.369,00;143.054,75;28.824,00;622.861,50;2.470.294,75;2.154.318,75;1.549.073,75;282.791,75;249.491,25
19.12.2022;26.12.2022;754.055,50;217.429,00;605.922,25;2.954.029,50;127.073,25;26.976,75;605.882,00;1.920.364,50;1.047.397,50;767.275,50;222.153,00;225.948,75
26.12.2022;02.01.2023;726.672,50;229.629,00;832.457,50;4.554.484,75;250.126,25;22.516,75;562.545,25;823.450,75;533.191,50;403.589,75;203.009,50;221.874,50
02.01.2023;09.01.2023;748.723,00;212.697,25;797.490,00;3.947.458,00;207.214,75;22.277,00;408.369,50;1.481.022,25;743.031,75;435.027,50;226.529,25;286.204,75
09.01.2023;16.01.2023;752.393,75;235.975,75;777.251,50;5.279.022,00;177.746,25;21.206,25;396.188,00;1.364.678,75;846.487,75;484.913,00;231.223,75;297.773,50
16.01.2023;23.01.2023;770.254,00;244.574,25;517.969,75;2.330.516,25;223.050,25;25.046,50;407.669,00;2.236.492,75;1.926.747,75;1.137.487,50;207.361,50;299.188,00
23.01.2023;30.01.2023;780.632,00;255.995,50;361.527,50;966.247,25;117.125,75;28.412,00;358.099,00;2.473.533,75;2.080.321,00;1.496.752,50;230.364,50;310.729,75
30.01.2023;06.02.2023;758.995,75;205.649,00;516.102,25;4.312.469,75;254.395,25;27.154,75;358.075,25;1.588.360,00;1.182.122,50;1.104.037,75;169.710,00;312.348,00
06.02.2023;13.02.2023;772.685,50;210.115,25;415.505,00;1.815.951,00;677.271,75;26.803,75;494.777,75;2.201.869,50;1.825.444,50;1.614.434,25;189.455,75;322.670,25
13.02.2023;20.02.2023;766.932,25;204.683,25;338.601,00;2.621.930,75;530.870,25;26.444,00;507.399,25;1.983.032,50;1.522.913,00;1.246.646,00;171.907,75;320.081,25
20.02.2023;27.02.2023;767.872,75;202.374,00;517.492,00;2.861.002,50;606.322,50;26.442,00;501.729,25;1.905.283,25;1.269.837,75;1.169.493,75;138.748,00;325.195,75
27.02.2023;06.03.2023;773.001,50;215.862,25;275.432,25;1.480.095,25;909.514,50;32.389,75;498.367,50;2.219.801,75;1.503.343,50;1.631.203,50;192.545,50;330.675,50
06.03.2023;13.03.2023;766.766,25;206.307,75;466.551,00;2.575.060,25;554.748,50;32.050,50;490.798,00;1.866.113,75;1.176.451,25;1.438.875,50;207.067,00;324.938,25
13.03.2023;20.03.2023;760.423,00;221.539,25;578.427,75;3.025.570,00;1.032.129,75;26.289,50;482.017,25;1.521.459,50;731.671,75;833.982,50;219.214,50;333.755,25
20.03.2023;27.03.2023;734.397,25;223.395,25;673.889,50;3.295.004,00;821.862,00;22.805,75;472.315,75;1.287.092,75;710.413,00;852.281,25;210.581,25;323.243,75
27.03.2023;03.04.2023;752.821,25;249.912,75;685.782,00;3.065.717,50;913.630,00;24.405,25;471.871,75;1.347.916,75;632.565,25;748.061,00;251.738,00;327.113,50
03.04.2023;10.04.2023;769.432,50;227.277,25;240.978,00;898.490,25;1.492.662,00;25.791,75;460.369,75;1.837.871,25;889.402,00;993.507,50;232.383,75;317.590,25
10.04.2023;17.04.2023;752.159,50;224.338,00;529.515,25;2.204.440,75;1.070.643,25;25.500,75;373.655,75;1.420.183,00;567.785,25;757.958,75;207.999,00;307.417,50
17.04.2023;24.04.2023;721.379,25;246.610,00;373.713,00;2.365.384,00;1.387.719,00;25.898,75;0,00;1.505.642,25;756.307,75;822.871,25;225.259,00;304.250,75
24.04.2023;01.05.2023;717.087,00;285.753,75;363.872,25;1.865.347,50;1.371.984,25;23.693,75;0,00;1.664.813,75;572.063,25;850.556,75;219.725,50;283.267,00
01.05.2023;08.05.2023;724.653,25;338.419,25;425.515,50;1.458.740,75;1.716.578,50;22.261,25;0,00;1.443.858,50;340.683,50;757.449,50;199.544,50;298.525,00
08.05.2023;15.05.2023;724.224,75;370.890,00;255.387,50;1.441.458,75;1.498.980,50;22.250,25;0,00;1.474.538,50;576.340,75;840.507,25;207.509,50;296.524,75
15.05.2023;22.05.2023;723.903,25;349.318,00;377.234,00;1.849.727,00;1.763.382,75;22.587,25;0,00;1.006.924,50;310.514,75;749.184,25;225.586,50;291.740,50
22.05.2023;29.05.2023;699.245,50;366.487,50;368.344,75;1.417.787,75;2.010.625,00;20.299,25;0,00;1.023.921,75;279.652,50;813.919,75;209.296,00;317.506,25
29.05.2023;05.06.2023;702.076,75;363.849,00;292.824,00;1.333.171,25;2.389.787,50;20.201,25;0,00;715.579,75;238.245,50;736.721,50;190.985,00;279.337,75
05.06.2023;12.06.2023;695.731,25;369.100,00;309.442,00;1.132.728,75;2.172.220,75;18.478,75;0,00;926.997,75;288.419,00;976.505,75;197.523,25;247.127,25
12.06.2023;19.06.2023;682.695,25;350.065,50;241.073,50;1.014.247,00;2.230.568,25;17.243,00;0,00;1.361.685,00;428.527,50;884.741,50;177.716,25;260.461,75
19.06.2023;26.06.2023;670.908,00;351.134,00;247.414,25;1.015.217,75;1.898.400,75;16.588,00;0,00;1.690.254,75;441.626,25;1.054.738,75;166.537,00;286.893,50
26.06.2023;03.07.2023;669.911,25;320.646,25;450.264,50;1.766.907,50;1.695.401,25;18.075,00;0,00;1.323.128,25;431.800,50;928.740,25;145.572,75;285.630,50
03.07.2023;10.07.2023;672.264,75;330.619,00;448.760,25;2.017.551,25;2.086.343,75;17.145,50;0,00;1.112.042,75;388.648,50;763.539,75;147.618,75;289.854,50
10.07.2023;17.07.2023;662.593,75;325.825,75;396.507,50;1.757.496,50;1.943.996,50;16.434,00;0,00;1.168.334,75;290.757,75;981.219,50;162.274,00;312.736,00
17.07.2023;24.07.2023;676.371,50;327.064,25;358.421,25;1.390.141,00;1.743.839,50;17.594,25;0,00;1.124.586,50;423.355,75;1.030.621,00;157.294,00;324.005,50
24.07.2023;31.07.2023;674.415,50;341.708,00;343.281,00;1.859.813,50;1.309.618,00;17.647,25;0,00;922.094,50;330.678,75;752.257,00;159.090,00;333.623,00
31.07.2023;07.08.2023;680.575,50;356.712,75;325.093,75;2.526.540,00;1.208.416,75;18.681,75;0,00;654.659,00;328.244,75;586.912,00;197.329,25;303.309,50
07.08.2023;14.08.2023;681.832,25;352.838,50;383.883,75;1.835.927,25;1.612.102,00;18.473,00;0,00;870.177,50;380.519,25;754.114,25;184.855,50;284.087,25
14.08.2023;21.08.2023;681.182,50;335.770,75;303.501,00;648.260,00;1.734.096,25;18.769,00;0,00;1.124.403,50;419.372,50;900.777,00;190.952,50;303.507,75
21.08.2023;28.08.2023;684.156,25;324.081,75;125.611,50;664.222,75;1.536.886,50;18.053,25;0,00;1.746.262,50;768.809,25;1.162.342,25;189.560,50;339.623,00
28.08.2023;04.09.2023;687.466,00;343.329,00;176.057,75;824.798,25;1.231.918,50;18.232,00;0,00;1.661.829,00;576.247,00;1.029.519,25;164.594,50;331.104,50
04.09.2023;11.09.2023;665.708,50;329.625,25;165.326,25;839.762,75;1.970.549,25;18.816,25;0,00;1.475.479,50;487.375,00;963.764,75;193.716,00;322.492,50
11.09.2023;18.09.2023;665.741,00;309.767,50;259.039,75;686.751,25;1.544.949,75;22.092,75;0,00;1.703.688,00;759.794,75;977.729,50;192.117,75;341.330,25
18.09.2023;25.09.2023;666.096,75;294.404,00;405.051,75;2.522.056,00;1.194.409,25;22.293,75;0,00;1.247.567,50;519.754,00;610.189,25;196.044,25;358.418,00
25.09.2023;02.10.2023;707.718,25;269.902,25;492.806,75;1.157.910,00;1.407.767,00;22.022,75;0,00;1.542.837,25;675.786,25;756.639,75;193.595,50;340.911,25
02.10.2023;09.10.2023;704.835,50;230.144,00;507.508,50;2.940.192,75;1.001.097,25;22.444,50;0,00;1.106.284,00;501.178,25;785.378,75;210.847,00;330.921,75
09.10.2023;16.10.2023;684.984,75;230.170,75;574.628,75;3.166.021,25;808.015,50;21.852,50;0,00;1.354.152,25;762.867,50;910.252,25;228.944,00;349.810,50
16.10.2023;23.10.2023;664.025,50;218.978,75;589.000,00;2.632.359,00;725.378,75;23.816,00;0,00;1.623.633,25;808.386,25;866.060,50;189.307,50;331.293,50
23.10.2023;30.10.2023;713.901,00;243.164,75;712.482,50;2.062.117,50;458.581,75;25.918,75;0,00;1.907.757,00;919.238,75;991.633,75;191.113,75;301.560,50
30.10.2023;06.11.2023;710.924,25;285.937,00;686.225,50;3.941.984,25;447.747,50;22.497,00;0,00;990.382,25;430.124,50;657.156,75;194.779,00;342.357,00
06.11.2023;13.11.2023;715.708,25;277.160,00;569.142,75;3.585.060,50;439.246,00;25.371,75;0,00;1.711.907,25;605.220,50;919.395,25;199.699,50;313.865,75
13.11.2023;20.11.2023;732.789,25;333.031,00;469.373,75;3.406.890,25;288.970,25;27.339,75;0,00;1.724.309,00;879.404,50;1.125.872,75;216.746,00;316.742,25
20.11.2023;27.11.2023;723.771,50;331.118,25;472.484,50;3.290.516,50;256.903,50;28.961,75;0,00;1.781.871,75;1.254.757,00;1.419.214,50;174.406,00;325.802,50
27.11.2023;04.12.2023;721.867,50;344.769,50;375.376,00;1.353.954,25;95.670,50;32.133,50;0,00;2.515.414,00;1.750.737,25;2.097.697,00;204.724,50;332.792,50
04.12.2023;11.12.2023;724.494,50;309.872,00;678.513,25;2.601.190,00;114.628,75;29.941,00;0,00;2.198.046,25;1.241.626,75;1.761.563,25;173.106,75;324.218,25
11.12.2023;18.12.2023;717.186,75;304.072,00;582.697,25;2.667.064,50;201.074,00;28.350,75;0,00;2.122.194,25;1.045.499,50;1.428.808,75;183.727,00;313.916,50
18.12.2023;25.12.2023;714.239,00;298.238,25;762.909,75;5.678.218,25;172.689,00;23.239,25;0,00;888.151,75;538.784,25;866.893,25;203.363,25;323.378,50
25.12.2023;01.01.2024;700.868,75;288.793,50;849.646,50;5.044.232,75;242.150,50;23.643,75;0,00;596.182,75;340.228,50;594.258,50;205.487,25;332.633,50
01.01.2024;08.01.2024;701.946,00;329.704,25;744.640,50;3.819.163,75;162.537,75;29.687,50;0,00;1.251.045,25;464.225,25;1.045.666,00;165.160,25;302.766,50
08.01.2024;15.01.2024;724.908,25;369.397,00;533.697,00;2.116.781,50;321.376,75;28.834,50;0,00;2.146.960,50;1.372.354,00;2.174.485,25;197.462,00;326.835,75
15.01.2024;22.01.2024;724.899,75;334.862,50;751.975,75;3.342.846,25;231.218,50;26.347,50;0,00;1.909.971,50;1.090.420,25;2.009.650,00;186.903,25;295.215,50
22.01.2024;29.01.2024;716.146,25;333.067,00;708.449,75;4.981.384,25;473.554,75;25.025,00;0,00;862.150,00;729.395,25;1.299.102,50;164.539,25;295.022,75
29.01.2024;05.02.2024;721.078,50;355.867,50;779.271,25;4.438.805,00;448.934,25;26.588,00;-;1.137.764,50;774.235,25;1.238.183,00;188.780,00;323.522,75
05.02.2024;12.02.2024;715.336,75;322.044,00;759.711,50;3.859.616,50;351.094,75;27.607,25;-;1.454.503,75;669.373,25;1.311.911,75;180.248,25;325.780,00
12.02.2024;19.02.2024;724.020,75;315.462,00;630.540,25;2.552.728,75;569.605,25;26.211,50;-;1.677.283,25;633.638,25;1.260.085,25;170.424,50;330.930,25
19.02.2024;26.02.2024;745.044,00;343.082,75;622.221,00;3.649.797,75;674.492,75;20.793,50;-;1.221.569,00;556.624,25;1.162.231,00;198.841,50;310.865,50
26.02.2024;04.03.2024;749.843,00;320.610,25;599.661,75;1.688.391,75;880.588,00;19.409,00;-;1.793.313,75;559.623,00;1.444.096,00;170.667,25;318.258,50
04.03.2024;11.03.2024;739.424,00;310.765,00;728.378,50;2.192.045,25;1.016.593,75;19.213,00;-;1.813.332,50;723.738,75;1.352.251,50;165.382,75;337.096,75
11.03.2024;18.03.2024;731.917,25;310.202,00;697.701,75;2.075.794,00;996.046,75;18.960,75;-;1.512.417,25;546.824,50;1.253.678,50;182.404,25;315.585,25
18.03.2024;25.03.2024;744.984,25;327.389,50;600.102,50;2.071.166,25;1.126.084,00;19.137,00;-;1.498.015,00;521.459,50;1.268.003,50;186.937,00;311.111,75
25.03.2024;01.04.2024;735.006,50;314.009,50;397.558,75;2.186.313,75;1.295.339,75;20.203,50;-;1.012.843,25;426.110,00;940.942,25;228.697,50;306.267,25
01.04.2024;08.04.2024;725.405,25;305.825,25;621.180,75;3.267.187,00;1.234.925,00;17.924,25;-;744.353,00;336.264,50;798.666,75;201.790,25;322.817,50
08.04.2024;15.04.2024;667.155,50;309.775,25;622.522,00;2.330.918,75;1.671.381,00;17.628,50;-;826.158,50;372.923,25;858.550,75;236.236,25;305.475,75
15.04.2024;22.04.2024;705.766,50;343.148,50;465.642,00;2.363.924,25;1.306.066,75;18.812,75;-;1.089.943,75;438.256,75;992.245,75;197.908,00;284.759,50
22.04.2024;29.04.2024;725.459,75;345.042,25;347.961,75;1.387.369,25;1.741.665,75;18.461,25;-;1.379.911,00;412.744,75;1.391.500,50;194.206,75;291.429,50
29.04.2024;06.05.2024;684.480,25;341.326,25;500.000,50;1.836.198,75;1.979.023,25;19.629,50;-;800.663,25;235.508,00;784.749,75;200.120,25;289.045,00
06.05.2024;13.05.2024;704.892,25;366.997,50;118.125,25;719.979,75;2.085.494,50;20.167,00;-;1.136.519,25;224.957,50;1.030.775,25;192.100,00;315.182,75
13.05.2024;20.05.2024;687.468,50;369.819,00;490.459,25;2.210.892,75;2.080.332,00;16.832,50;-;785.100,25;317.003,00;787.541,00;243.386,25;314.672,00
20.05.2024;27.05.2024;668.658,50;404.995,00;300.774,75;1.073.147,50;1.948.515,25;18.346,50;-;1.190.335,25;244.599,00;896.890,00;200.354,25;280.728,75
27.05.2024;03.06.2024;676.797,25;392.883,50;442.639,50;1.278.028,75;1.570.993,75;17.601,50;-;1.287.370,50;172.517,00;794.194,50;191.000,25;282.351,00
03.06.2024;10.06.2024;669.310,25;348.999,50;471.871,50;1.158.155,50;2.136.172,00;17.007,50;-;1.281.569,50;200.262,75;977.167,00;237.061,50;280.970,00
10.06.2024;17.06.2024;675.725,25;379.764,75;494.019,50;1.955.830,75;1.966.644,50;16.013,75;-;1.071.478,25;244.727,75;705.493,75;206.912,75;256.705,75
17.06.2024;24.06.2024;671.923,50;414.339,75;178.481,00;984.981,25;1.938.792,75;15.689,00;-;1.477.241,25;343.852,50;881.039,00;222.593,25;264.344,25
24.06.2024;01.07.2024;653.790,25;417.538,25;213.641,25;1.027.516,00;2.403.739,50;16.354,00;-;1.240.874,50;259.702,25;787.727,75;236.365,25;274.634,50
01.07.2024;08.07.2024;649.261,00;406.176,75;591.648,75;2.147.705,25;1.724.451,75;18.043,00;-;1.094.047,25;182.960,25;576.534,50;232.747,50;309.102,75
08.07.2024;15.07.2024;652.297,00;428.838,00;431.455,50;1.158.191,50;2.149.408,75;18.716,00;-;1.301.065,50;250.710,00;744.430,75;241.221,25;316.729,75
15.07.2024;22.07.2024;641.305,50;410.422,25;323.875,50;1.045.896,25;2.348.312,00;18.325,00;-;1.212.000,50;195.443,00;737.291,75;266.572,25;324.580,50
22.07.2024;29.07.2024;658.528,75;398.545,25;253.436,50;991.593,50;1.957.363,50;18.308,75;-;1.253.490,25;239.443,75;820.716,00;229.787,50;325.086,00
29.07.2024;05.08.2024;648.357,75;364.339,50;129.992,00;576.374,50;2.177.767,75;17.806,75;-;1.430.400,25;408.278,50;802.474,25;214.177,50;336.532,75
05.08.2024;12.08.2024;632.478,25;337.817,75;324.077,25;976.729,75;2.157.470,75;17.987,75;-;1.172.322,50;278.872,75;752.341,50;257.135,25;310.853,50
12.08.2024;19.08.2024;641.222,00;318.197,75;213.855,25;818.911,25;1.970.719,00;17.901,75;-;1.378.413,25;431.310,75;796.059,00;191.626,50;310.930,50
19.08.2024;26.08.2024;630.220,75;331.857,75;561.473,00;2.118.964,25;1.924.835,00;19.552,00;-;941.245,25;276.466,75;570.757,00;232.748,50;310.705,00
26.08.2024;02.09.2024;631.945,00;291.255,00;317.498,75;1.127.651,25;2.153.649,50;18.422,50;-;1.192.947,25;519.211,50;970.621,25;210.658,50;296.301,25
02.09.2024;09.09.2024;638.393,50;282.095,75;324.425,00;1.410.110,50;1.806.904,50;17.659,25;-;1.314.235,50;644.897,75;1.058.322,00;195.615,25;292.876,50
09.09.2024;16.09.2024;629.572,75;318.028,00;424.929,75;2.150.459,50;1.188.381,75;17.417,75;-;1.145.040,00;528.551,50;725.347,25;190.607,75;296.778,25
16.09.2024;23.09.2024;645.323,00;327.103,00;318.544,00;1.790.236,25;1.608.836,00;17.330,50;-;1.293.037,00;496.394,50;671.308,50;197.274,75;311.649,75
23.09.2024;30.09.2024;651.339,25;346.203,75;590.862,75;2.784.527,75;1.088.433,25;18.984,75;-;1.146.623,75;425.621,25;565.488,75;211.099,50;301.737,00
30.09.2024;07.10.2024;661.519,00;366.942,25;541.332,75;1.919.956,25;877.158,25;20.810,50;-;1.553.039,25;475.301,75;610.921,25;196.855,50;313.263,00
07.10.2024;14.10.2024;674.349,25;362.575,75;709.746,25;2.841.329,50;891.316,50;19.427,50;-;1.359.284,25;414.205,50;644.334,00;224.193,25;294.607,50
14.10.2024;21.10.2024;703.389,25;377.222,25;410.623,50;1.970.136,75;871.349,25;19.160,50;-;1.461.175,50;542.715,00;895.372,50;175.725,00;298.021,00
21.10.2024;28.10.2024;704.796,00;334.285,00;401.900,00;1.410.139,25;790.411,50;21.044,25;-;1.814.737,25;821.208,75;997.256,00;169.233,25;286.017,00
28.10.2024;04.11.2024;684.828,00;277.233,00;452.835,50;1.407.756,50;549.191,00;19.648,25;-;1.783.683,00;766.884,25;1.181.893,00;153.393,75;260.275,50
04.11.2024;11.11.2024;722.168,00;280.927,00;202.857,50;511.479,25;324.626,50;19.685,75;-;2.040.218,00;1.044.944,25;2.025.894,75;198.694,25;276.396,00
11.11.2024;18.11.2024;728.802,00;245.622,25;657.840,75;1.994.290,50;237.202,75;21.834,50;-;1.876.947,50;983.552,75;1.935.365,00;181.051,50;311.606,75
18.11.2024;25.11.2024;731.021,25;246.557,75;671.102,75;4.153.176,50;316.294,00;21.730,00;-;1.566.598,50;784.013,75;1.405.072,00;147.058,75;291.375,00
25.11.2024;02.12.2024;730.312,75;277.480,25;603.698,00;3.295.768,50;461.009,25;22.663,25;-;1.752.095,25;725.272,00;1.478.634,25;151.021,00;303.992,25
02.12.2024;09.12.2024;733.381,50;294.077,00;661.100,50;2.967.165,25;240.411,25;22.931,75;-;1.764.345,50;687.175,50;1.624.589,25;188.186,75;305.288,75
09.12.2024;16.12.2024;714.688,50;308.925,25;456.162,50;2.363.216,00;124.462,50;22.983,00;-;1.622.170,75;894.301,75;2.069.557,00;202.130,75;326.246,50
16.12.2024;23.12.2024;731.197,75;247.415,75;756.163,50;5.542.332,25;196.679,00;22.721,50;-;861.075,00;550.601,50;1.005.345,00;200.786,25;271.911,50
23.12.2024;30.12.2024;728.748,50;272.433,50;384.289,00;1.453.983,50;328.562,00;22.817,25;-;1.682.160,50;686.676,00;1.351.646,50;142.485,75;309.668,00
30.12.2024;06.01.2025;690.931,50;249.802,25;590.703,75;3.907.129,00;225.239,00;21.972,00;-;1.316.495,75;640.165,25;1.302.621,75;138.002,00;296.315,00
06.01.2025;13.01.2025;713.355,25;295.381,75;520.590,25;4.039.966,75;307.444,50;22.330,50;-;1.398.614,75;832.942,25;1.525.745,00;170.631,50;287.685,75
13.01.2025;20.01.2025;744.259,25;327.383,50;484.221,00;1.140.003,00;433.215,75;22.406,75;-;1.819.665,00;975.570,50;2.538.294,00;226.210,25;319.026,50
20.01.2025;27.01.2025;741.971,25;289.985,50;554.477,25;2.684.443,50;418.184,00;21.220,75;-;1.585.656,00;841.931,50;1.932.514,00;212.639,00;251.765,50
27.01.2025;03.02.2025;745.274,00;293.217,75;545.406,00;2.640.669,75;565.839,75;21.168,25;-;1.650.504,75;821.958,25;1.511.760,50;183.402,25;229.630,25
03.02.2025;10.02.2025;743.600,75;283.440,25;666.796,00;1.854.959,75;664.592,75;20.585,50;-;1.809.008,50;1.062.755,50;2.049.289,00;178.173,75;268.306,50
10.02.2025;17.02.2025;753.007,25;299.876,00;558.627,50;1.698.663,25;432.111,75;20.731,25;-;1.686.673,75;1.318.402,50;2.241.761,00;195.361,25;317.789,75
17.02.2025;24.02.2025;751.053,50;252.459,00;726.181,50;2.312.031,25;1.178.809,50;21.744,00;-;1.653.580,25;889.891,75;1.566.211,75;204.284,00;302.538,25
24.02.2025;03.03.2025;726.461,75;244.560,25;396.532,75;1.499.202,75;839.940,25;21.273,00;-;1.915.658,00;917.850,25;1.769.722,00;175.711,75;296.278,00
03.03.2025;10.03.2025;716.539,00;224.885,75;611.851,25;1.434.056,25;1.922.835,00;19.883,25;-;1.608.083,50;611.414,25;1.252.761,75;214.465,75;248.314,50
10.03.2025;17.03.2025;714.984,75;216.634,50;279.598,50;907.895,25;1.066.028,00;19.891,75;-;1.754.797,00;832.120,25;1.630.343,75;203.701,00;290.305,50
17.03.2025;24.03.2025;706.018,75;207.245,00;377.346,50;1.930.462,50;1.994.820,00;19.899,25;-;1.413.579,00;643.736,00;1.168.653,00;199.594,00;269.313,50
24.03.2025;31.03.2025;690.803,50;214.277,00;447.781,50;1.567.065,00;1.425.904,25;18.981,75;-;1.725.284,25;753.526,25;1.097.664,25;204.222,25;282.116,75
31.03.2025;07.04.2025;658.369,50;225.676,00;321.994,50;2.043.257,25;2.169.390,50;19.160,25;-;1.280.177,00;528.425,25;779.648,50;223.120,50;293.412,25
07.04.2025;14.04.2025;676.031,00;215.095,75;332.068,75;1.587.726,00;2.178.717,50;19.358,00;-;1.158.282,00;671.219,00;1.023.935,00;241.182,25;281.568,00
14.04.2025;21.04.2025;694.617,75;238.923,25;302.500,00;1.448.883,75;1.678.353,25;18.877,25;-;1.337.273,25;608.103,75;796.131,00;227.735,00;273.677,25
21.04.2025;28.04.2025;720.551,75;248.636,75;133.522,75;939.734,25;1.861.929,00;19.195,25;-;1.196.118,50;522.412,50;845.494,00;199.473,25;257.145,50
28.04.2025;05.05.2025;696.361,00;246.192,25;267.086,25;1.022.383,25;2.426.525,75;16.870,75;-;1.032.777,00;233.701,25;687.105,25;220.748,00;255.734,00
05.05.2025;12.05.2025;664.242,25;296.560,25;248.156,50;1.233.547,00;2.463.676,25;17.861,50;-;1.064.407,75;246.819,50;801.543,00;226.987,50;261.570,50
12.05.2025;19.05.2025;654.969,25;241.448,00;413.524,75;1.736.906,75;2.590.765,50;17.469,75;-;946.509,25;249.762,50;723.547,00;213.248,75;257.979,25
19.05.2025;26.05.2025;659.959,25;248.644,00;571.046,75;2.118.605,00;2.157.960,75;16.655,25;-;982.833,25;291.765,50;771.307,75;212.982,50;277.926,00
26.05.2025;02.06.2025;662.762,00;293.307,75;461.428,25;2.193.435,75;2.078.972,00;16.197,50;-;768.568,75;140.709,75;602.050,50;229.825,25;275.291,50
02.06.2025;09.06.2025;663.808,25;345.860,50;467.045,50;2.400.772,00;1.880.874,50;16.497,00;-;760.166,25;201.380,25;571.434,50;227.510,25;276.417,50
09.06.2025;16.06.2025;663.547,25;321.647,25;485.284,50;2.088.166,75;2.644.623,75;15.581,25;-;687.231,75;177.830,50;526.850,00;244.487,00;251.775,00
16.06.2025;23.06.2025;660.680,25;318.345,75;280.982,75;1.007.491,00;2.939.553,25;14.695,75;-;986.780,25;411.830,50;542.771,75;224.568,50;229.784,00
23.06.2025;30.06.2025;645.803,00;276.623,25;541.446,00;2.815.752,50;2.334.814,00;14.778,50;-;917.577,75;334.598,00;565.236,25;167.446,00;234.573,50
30.06.2025;07.07.2025;643.478,40;276.345,88;383.792,83;1.393.893,79;2.632.049,51;13.552,15;-;1.223.980,00;437.126,00;773.486,25;197.483,25;231.892,50
07.07.2025;14.07.2025;651.307,27;290.199,65;356.333,12;1.320.530,21;2.040.478,73;15.569,24;-;1.282.808,50;416.600,50;631.919,50;178.174,25;226.281,25
14.07.2025;21.07.2025;648.211,01;287.792,46;218.828,45;1.095.375,56;2.141.933,78;15.472,58;-;1.444.872,00;555.613,75;646.701,25;168.082,75;250.152,75
21.07.2025;28.07.2025;655.623,66;366.409,58;243.877,04;1.275.680,85;1.689.260,38;15.139,50;-;1.402.621,25;485.874,50;691.810,00;175.016,50;252.242,50
28.07.2025;04.08.2025;663.009,09;392.269,01;622.572,18;1.848.968,15;1.733.294,94;16.270,30;-;949.592,75;119.073,25;504.344,00;208.246,50;257.848,50
04.08.2025;11.08.2025;664.291,61;357.955,64;498.673,69;1.616.622,00;2.315.921,19;16.459,07;-;738.659,00;136.223,25;531.558,50;231.474,25;244.424,00
11.08.2025;18.08.2025;638.312,68;303.972,09;290.948,75;932.679,25;2.479.282,84;16.854,30;-;1.061.044,75;406.570,75;769.362,25;188.882,75;240.805,50
18.08.2025;25.08.2025;636.499,64;314.864,72;408.274,99;1.216.257,96;2.188.713,61;17.233,04;-;1.163.155,50;329.038,50;655.954,00;175.793,25;239.998,75
25.08.2025;01.09.2025;628.138,83;317.399,40;261.531,23;1.035.142,71;1.961.378,27;15.939,44;-;1.200.036,50;390.891,25;860.151,00;163.133,25;241.696,25
01.09.2025;08.09.2025;646.591,99;305.954,49;406.432,92;1.670.192,54;1.849.443,20;17.189,24;-;1.166.957,00;369.918,00;825.477,25;166.678,00;227.737,50
08.09.2025;15.09.2025;650.449,51;298.220,10;521.275,65;1.818.396,17;1.496.046,41;15.258,29;-;1.187.575,50;326.078,50;950.293,25;198.647,50;225.895,25
15.09.2025;22.09.2025;623.360,25;246.640,31;866.617,83;3.644.791,15;1.630.918,34;16.645,43;-;733.620,25;202.859,00;547.086,50;169.246,75;226.733,00
22.09.2025;29.09.2025;676.004,61;282.240,23;573.837,49;2.368.022,19;1.078.741,25;17.853,55;-;1.366.128,25;315.986,25;960.427,00;144.301,00;246.870,75
29.09.2025;06.10.2025;681.442,57;261.857,24;469.903,63;2.575.735,37;1.356.884,43;15.028,22;-;1.160.003,50;381.014,50;1.180.013,25;183.539,25;304.185,75
06.10.2025;13.10.2025;667.886,75;277.346,00;520.156,00;1.801.395,00;677.018,00;14.730,25;-;1.656.903,75;571.483,25;1.473.537,00;161.245,00;316.492,75
13.10.2025;20.10.2025;669.120,63;228.022,98;474.315,25;1.178.640,70;963.691,75;15.025,71;-;1.701.780,93;764.561,48;1.662.122,09;168.753,37;332.437,72
20.10.2025;27.10.2025;691.513,60;227.069,63;882.678,85;5.084.621,80;657.754,54;15.339,14;-;884.894,48;373.951,58;810.800,73;169.190,99;322.364,25
27.10.2025;03.11.2025;711.181,24;255.707,18;805.494,54;4.123.679,52;706.063,53;15.300,09;-;959.810,01;312.607,29;861.918,12;168.341,33;296.349,05
03.11.2025;10.11.2025;736.568,81;253.029,11;425.585,62;1.770.582,42;780.706,49;15.729,88;-;1.657.898,38;743.537,58;1.634.532,12;144.164,50;316.231,26
10.11.2025;17.11.2025;741.375,11;223.706,04;670.190,14;2.419.835,56;565.032,00;15.960,34;-;1.485.190,68;681.169,33;1.578.106,44;151.129,04;302.262,05
17.11.2025;24.11.2025;722.736,43;206.523,50;682.641,98;2.481.411,25;604.871,02;15.897,45;-;1.654.320,40;815.800,79;2.061.685,41;165.412,86;327.139,29
24.11.2025;01.12.2025;705.288,96;244.640,69;723.360,27;2.364.454,39;279.767,41;15.970,09;-;1.554.830,86;870.682,59;2.025.022,17;229.768,25;314.202,12
01.12.2025;08.12.2025;-;-;-;-;-;-;-;-;-;-;-;-
